Workbook

Sheet Tabla
A1: lote | B1: Edad | C1: Ingresos | D1: Compra | E1: / Test
B2: (años) | C2: (miles de euros) | D2: (0: No / 1: Sí)
A3: 𝑡: | B3: 𝑥1: | C3: 𝑥2: | D3: 𝑦: | E3: Entrenamiento
A4: 1 | B4: 42 | C4: 2.6 | D4: 1 | E4: Entrenamiento
A5: 2 | B5: 25 | C5: 1.5 | D5: 0 | E5: Entrenamiento
A6: 3 | B6: 55 | C6: 1.7 | D6: 0 | E6: Entrenamiento
A7: 4 | B7: 38 | C7: 2.5 | D7: 1 | E7: Entrenamiento
A8: 5 | B8: 60 | C8: 1.3 | D8: 0 | E8: Entrenamiento
A9: 6 | B9: 32 | C9: 2.1 | D9: 1 | E9: Entrenamiento
A10: 7 | B10: 48 | C10: 2.2 | D10: 1 | E10: Entrenamiento
A11: 8 | B11: 28 | C11: 1.8 | D11: 0 | E11: Entrenamiento
A12: 9 | B12: 50 | C12: 1.9 | D12: 0 | E12: Entrenamiento
A13: 10 | B13: 35 | C13: 2.3 | D13: 1 | E13: Entrenamiento
A14: 11 | B14: 22 | C14: 1.2 | D14: 0 | E14: Test
A15: 12 | B15: 40 | C15: 2.8 | D15: 1 | E15: Test
... A17: 14 | B17: 45 | C17: 2.4 | D17: 1 | E17: Test

Sheet Datos Normalizados
B1: Edad | C1: Ingresos
B2: (años) | C2: (miles de euros)
B3: x1 | C3: x2
A4: Max | B4: =MAX(Tabla!B4:B17) -> 60 | C4: =MAX(Tabla!C4:C17) -> 2.8
A5: Min | B5: =MIN(Tabla!B4:B17) -> 22 | C5: =MIN(Tabla!C4:C17) -> 1.2
A6: Rango | B6: =B4-B5 -> 38 | C6: =C4-C5 -> 1.6
A7: \eta | B7: 0.1 | D7: Tasa de aprendizaje
A9: Lote | B9: Edad (x1) | C9: Ingresos (x2) | D9: Compra (y) | E9: Test/Entreno | F9: Edad normalizada | G9: Ingresos Normalizados | H9: w1 | I9: w2 | J9: b | K9: h | L9: y\hat | M9: Gradiente 1 | N9: Gradiente 2 | O9: Gradiente h | P9: w1_prev | Q9: w2_prev | R9: b_prev
A10: =Tabla!A4 -> 1 | B10: =Tabla!B4 -> 42 | C10: =Tabla!C4 -> 2.6 | D10: =Tabla!D4 -> 1 | E10: =Tabla!E4 -> Entrenamiento | F10: =(B10-B$5)/B$6 -> 0.52631579 | G10: =(C10-C$5)/C$6 -> 0.875 | H10: 0.5 | I10: 0.5 | J10: 0.5 | K10: =P11*F11 + Q11*G11 + R11 -> 0.63322368 | M10: =($L10 -$D10) *$L10 * (1 -$L10) *$F10 -> 0 | N10: =($L10 -$D10) *$L10 * (1 -$L10) *$F10 -> 0
A11: =Tabla!A5 -> 2 | B11: =Tabla!B5 -> 25 | C11: =Tabla!C5 -> 1.5 | D11: =Tabla!D5 -> 0 | E11: =Tabla!E5 -> Entrenamiento | F11: =(B11-B$5)/B$6 -> 0.078947368 | G11: =(C11-C$5)/C$6 -> 0.1875 | H11: =$P11-$B$7*$M11 -> 0.49883182 | I11: =$Q11-$B$7*$N11 -> 0.49722557 | J11: =R11-$B$7*O11 -> 0.48520302 | K11: =P11 * F11 + Q11 * G11 + R11 -> 0.63322368 | L11: =1/(1+EXP(-$K11)) -> 0.65322006 | M11: =($L11 - $D11) * $L11 * (1 - $L11) * $F11 -> 0.011681824 | N11: =($L11 - $D11) * $L11 * (1 - $L11) * $G11 -> 0.027744332 | O11: =($L11 - $D11) * $L11 * (1 - $L11) -> 0.14796977 | P11: =H10 -> 0.5 | Q11: =I10 -> 0.5 | R11: =J10 -> 0.5
A12: =Tabla!A6 -> 3 | B12: =Tabla!B6 -> 55 | C12: =Tabla!C6 -> 1.7 | D12: =Tabla!D6 -> 0 | E12: =Tabla!E6 -> Entrenamiento | F12: =(B12-B$5)/B$6 -> 0.86842105 | G12: =(C12-C$5)/C$6 -> 0.3125 | H12: =$P12-$B$7*$M12 -> 0.48654574 | I12: =$Q12-$B$7*$N12 -> 0.49280444 | J12: =R12-$B$7*O12 -> 0.47105542 | K12: =P12 * F12 + Q12 * G12 + R12 -> 1.0737821 | L12: =1/(1+EXP(-$K12)) -> 0.74531549 | M12: =($L12 - $D12) * $L12 * (1 - $L12) * $F12 -> 0.12286075 | N12: =($L12 - $D12) * $L12 * (1 - $L12) * $G12 -> 0.044211255 | O12: =($L12 - $D12) * $L12 * (1 - $L12) -> 0.14147602 | P12: =H11 -> 0.49883182 | Q12: =I11 -> 0.49722557 | R12: =J11 -> 0.48520302
A13: =Tabla!A7 -> 4 | B13: =Tabla!B7 -> 38 | C13: =Tabla!C7 -> 2.5 | D13: =Tabla!D7 -> 1 | E13: =Tabla!E7 -> Entrenamiento | F13: =(B13-B$5)/B$6 -> 0.42105263 | G13: =(C13-C$5)/C$6 -> 0.8125 | H13: =$P13-$B$7*$M13 -> 0.48857491 | I13: =$Q13-$B$7*$N13 -> 0.4967201 | J13: =R13-$B$7*O13 -> 0.4758747 | K13: =P13 * F13 + Q13 * G13 + R13 -> 1.0763204 | L13: =1/(1+EXP(-$K13)) -> 0.74579702 | M13: =($L13 - $D13) * $L13 * (1 - $L13) * $F13 -> -0.020291694 | N13: =($L13 - $D13) * $L13 * (1 - $L13) * $G13 -> -0.039156628 | O13: =($L13 - $D13) * $L13 * (1 - $L13) -> -0.048192773 | P13: =H12 -> 0.48654574 | Q13: =I12 -> 0.49280444 | R13: =J12 -> 0.47105542
A14: =Tabla!A8 -> 5 | B14: =Tabla!B8 -> 60 | C14: =Tabla!C8 -> 1.3 | D14: =Tabla!D8 -> 0 | E14: =Tabla!E8 -> Entrenamiento | F14: =(B14-B$5)/B$6 -> 1 | G14: =(C14-C$5)/C$6 -> 0.0625 | H14: =$P14-$B$7*$M14 -> 0.474189 | I14: =$Q14-$B$7*$N14 -> 0.49582098 | J14: =R14-$B$7*O14 -> 0.46148879 | K14: =P14 * F14 + Q14 * G14 + R14 -> 0.99549462 | L14: =1/(1+EXP(-$K14)) -> 0.73017185 | M14: =($L14 - $D14) * $L14 * (1 - $L14) * $F14 -> 0.14385913 | N14: =($L14 - $D14) * $L14 * (1 - $L14) * $G14 -> 0.0089911956 | O14: =($L14 - $D14) * $L14 * (1 - $L14) -> 0.14385913 | P14: =H13 -> 0.48857491 | Q14: =I13 -> 0.4967201 | R14: =J13 -> 0.4758747
A15: =Tabla!A9 -> 6 | B15: =Tabla!B9 -> 32 | C15: =Tabla!C9 -> 2.1 | D15: =Tabla!D9 -> 1 | E15: =Tabla!E9 -> Entrenamiento | F15: =(B15-B$5)/B$6 -> 0.26315789 | G15: =(C15-C$5)/C$6 -> 0.5625 | H15: =$P15-$B$7*$M15 -> 0.47581445 | I15: =$Q15-$B$7*$N15 -> 0.49929538 | J15: =R15-$B$7*O15 -> 0.46766549 | K15: =P15 * F15 + Q15 * G15 + R15 -> 0.86517467 | L15: =1/(1+EXP(-$K15)) -> 0.70374066 | M15: =($L15 - $D15) * $L15 * (1 - $L15) * $F15 -> -0.016254483 | N15: =($L15 - $D15) * $L15 * (1 - $L15) * $G15 -> -0.034743957 | O15: =($L15 - $D15) * $L15 * (1 - $L15) -> -0.061767035 | P15: =H14 -> 0.474189 | Q15: =I14 -> 0.49582098 | R15: =J14 -> 0.46148879
A16: =Tabla!A10 -> 7 | B16: =Tabla!B10 -> 48 | C16: =Tabla!C10 -> 2.2 | D16: =Tabla!D10 -> 1 | E16: =Tabla!E10 -> Entrenamiento | F16: =(B16-B$5)/B$6 -> 0.68421053 | G16: =(C16-C$5)/C$6 -> 0.625 | H16: =$P16-$B$7*$M16 -> 0.47899501 | I16: =$Q16-$B$7*$N16 -> 0.50220071 | J16: =R16-$B$7*O16 -> 0.47231401 | K16: =P16 * F16 + Q16 * G16 + R16 -> 1.1052824 | L16: =1/(1+EXP(-$K16)) -> 0.75124855 | M16: =($L16 - $D16) * $L16 * (1 - $L16) * $F16 -> -0.031805677 | N16: =($L16 - $D16) * $L16 * (1 - $L16) * $G16 -> -0.029053262 | O16: =($L16 - $D16) * $L16 * (1 - $L16) -> -0.04648522 | P16: =H15 -> 0.47581445 | Q16: =I15 -> 0.49929538 | R16: =J15 -> 0.46766549
A17: =Tabla!A11 -> 8 | B17: =Tabla!B11 -> 28 | C17: =Tabla!C11 -> 1.8 | D17: =Tabla!D11 -> 0 | E17: =Tabla!E11 -> Entrenamiento | F17: =(B17-B$5)/B$6 -> 0.15789474 | G17: =(C17-C$5)/C$6 -> 0.375 | H17: =$P17-$B$7*$M17 -> 0.47665728 | I17: =$Q17-$B$7*$N17 -> 0.49664858 | J17: =R17-$B$7*O17 -> 0.45750833 | K17: =P17 * F17 + Q17 * G17 + R17 -> 0.73627007 | L17: =1/(1+EXP(-$K17)) -> 0.67617968 | M17: =($L17 - $D17) * $L17 * (1 - $L17) * $F17 -> 0.023377388 | N17: =($L17 - $D17) * $L17 * (1 - $L17) * $G17 -> 0.055521296 | O17: =($L17 - $D17) * $L17 * (1 - $L17) -> 0.14805679 | P17: =H16 -> 0.47899501 | Q17: =I16 -> 0.50220071 | R17: =J16 -> 0.47231401
A18: =Tabla!A12 -> 9 | B18: =Tabla!B12 -> 50 | C18: =Tabla!C12 -> 1.9 | D18: =Tabla!D12 -> 0 | E18: =Tabla!E12 -> Entrenamiento | F18: =(B18-B$5)/B$6 -> 0.73684211 | G18: =(C18-C$5)/C$6 -> 0.4375 | H18: =$P18-$B$7*$M18 -> 0.46612147 | I18: =$Q18-$B$7*$N18 -> 0.49039294 | J18: =R18-$B$7*O18 -> 0.44320974 | K18: =P18 * F18 + Q18 * G18 + R18 -> 1.0260132 | L18: =1/(1+EXP(-$K18)) -> 0.73614225 | M18: =($L18 - $D18) * $L18 * (1 - $L18) * $F18 -> 0.10535806 | N18: =($L18 - $D18) * $L18 * (1 - $L18) * $G18 -> 0.06255635 | O18: =($L18 - $D18) * $L18 * (1 - $L18) -> 0.14298594 | P18: =H17 -> 0.47665728 | Q18: =I17 -> 0.49664858 | R18: =J17 -> 0.45750833
A19: =Tabla!A13 -> 10 | B19: =Tabla!B13 -> 35 | C19: =Tabla!C13 -> 2.3 | D19: =Tabla!D13 -> 1 | E19: =Tabla!E13 -> Entrenamiento | F19: =(B19-B$5)/B$6 -> 0.34210526 | G19: =(C19-C$5)/C$6 -> 0.6875 | H19: =$P19-$B$7*$M19 -> 0.468063 | I19: =$Q19-$B$7*$N19 -> 0.49429468 | J19: =R19-$B$7*O19 -> 0.44888499 | K19: =P19 * F19 + Q19 * G19 + R19 -> 0.93981749 | L19: =1/(1+EXP(-$K19)) -> 0.71906279 | M19: =($L19 - $D19) * $L19 * (1 - $L19) * $F19 -> -0.019415344 | N19: =($L19 - $D19) * $L19 * (1 - $L19) * $G19 -> -0.039017375 | O19: =($L19 - $D19) * $L19 * (1 - $L19) -> -0.056752545 | P19: =H18 -> 0.46612147 | Q19: =I18 -> 0.49039294 | R19: =J18 -> 0.44320974
A20: =Tabla!A14 -> 11 | B20: =Tabla!B14 -> 22 | C20: =Tabla!C14 -> 1.2 | D20: =Tabla!D14 -> 0 | E20: =Tabla!E14 -> Test | F20: =(B20-B$5)/B$6 -> 0 | G20: =(C20-C$5)/C$6 -> 0 | H20: =$P20-$B$7*$M20 -> 0.468063 | I20: =$Q20-$B$7*$N20 -> 0.49429468 | J20: =R20-$B$7*O20 -> 0.43436922 | K20: =P20 * F20 + Q20 * G20 + R20 -> 0.44888499 | L20: =1/(1+EXP(-$K20)) -> 0.6103741 | M20: =($L20 - $D20) * $L20 * (1 - $L20) * $F20 -> 0 | N20: =($L20 - $D20) * $L20 * (1 - $L20) * $G20 -> 0 | O20: =($L20 - $D20) * $L20 * (1 - $L20) -> 0.14515768 | P20: =H19 -> 0.468063 | Q20: =I19 -> 0.49429468 | R20: =J19 -> 0.44888499
A21: =Tabla!A15 -> 12 | B21: =Tabla!B15 -> 40 | C21: =Tabla!C15 -> 2.8 | D21: =Tabla!D15 -> 1 | E21: =Tabla!E15 -> Test | F21: =(B21-B$5)/B$6 -> 0.47368421 | G21: =(C21-C$5)/C$6 -> 1 | H21: =$P21-$B$7*$M21 -> 0.47014272 | I21: =$Q21-$B$7*$N21 -> 0.49868519 | J21: =R21-$B$7*O21 -> 0.43875973 | K21: =P21 * F21 + Q21 * G21 + R21 -> 1.150378 | L21: =1/(1+EXP(-$K21)) -> 0.75957995 | M21: =($L21 - $D21) * $L21 * (1 - $L21) * $F21 -> -0.020797148 | N21: =($L21 - $D21) * $L21 * (1 - $L21) * $G21 -> -0.04390509 | O21: =($L21 - $D21) * $L21 * (1 - $L21) -> -0.04390509 | P21: =H20 -> 0.468063 | Q21: =I20 -> 0.49429468 | R21: =J20 -> 0.43436922
A22: =Tabla!A16 -> 13 | B22: =Tabla!B16 -> 58 | C22: =Tabla!C16 -> 1.5 | D22: =Tabla!D16 -> 0 | E22: =Tabla!E16 -> Test | F22: =(B22-B$5)/B$6 -> 0.94736842 | G22: =(C22-C$5)/C$6 -> 0.1875 | H22: =$P22-$B$7*$M22 -> 0.45646887 | I22: =$Q22-$B$7*$N22 -> 0.4959789 | J22: =R22-$B$7*O22 -> 0.42432622 | K22: =P22 * F22 + Q22 * G22 + R22 -> 0.97766157 | L22: =1/(1+EXP(-$K22)) -> 0.72664397 | M22: =($L22 - $D22) * $L22 * (1 - $L22) * $F22 -> 0.13673853 | N22: =($L22 - $D22) * $L22 * (1 - $L22) * $G22 -> 0.027062834 | O22: =($L22 - $D22) * $L22 * (1 - $L22) -> 0.14433512 | P22: =H21 -> 0.47014272 | Q22: =I21 -> 0.49868519 | R22: =J21 -> 0.43875973
A23: =Tabla!A17 -> 14 | B23: =Tabla!B17 -> 45 | C23: =Tabla!C17 -> 2.4 | D23: =Tabla!D17 -> 1 | E23: =Tabla!E17 -> Test | F23: =(B23-B$5)/B$6 -> 0.60526316 | G23: =(C23-C$5)/C$6 -> 0.75 | H23: =$P23-$B$7*$M23 -> 0.45939927 | I23: =$Q23-$B$7*$N23 -> 0.49961005 | J23: =R23-$B$7*O23 -> 0.42916775 | K23: =P23 * F23 + Q23 * G23 + R23 -> 1.0725942 | L23: =1/(1+EXP(-$K23)) -> 0.74508995 | M23: =($L23 - $D23) * $L23 * (1 - $L23) * $F23 -> -0.029303998 | N23: =($L23 - $D23) * $L23 * (1 - $L23) * $G23 -> -0.036311476 | O23: =($L23 - $D23) * $L23 * (1 - $L23) -> -0.048415301 | P23: =H22 -> 0.45646887 | Q23: =I22 -> 0.4959789 | R23: =J22 -> 0.42432622

Sheet GRAF - Evolución de los pesos
A1: Lote | B1: w1 | C1: w2 | D1: b
A2: 1 | B2: 0.5 | C2: 0.5 | D2: 0.5
A3: 2 | B3: 0.49883182 | C3: 0.49722557 | D3: 0.48520302
A4: 3 | B4: 0.48654574 | C4: 0.49280444 | D4: 0.47105542
A5: 4 | B5: 0.48857491 | C5: 0.4967201 | D5: 0.4758747
A6: 5 | B6: 0.474189 | C6: 0.49582098 | D6: 0.46148879
A7: 6 | B7: 0.47581445 | C7: 0.49929538 | D7: 0.46766549
A8: 7 | B8: 0.47899501 | C8: 0.50220071 | D8: 0.47231401
A9: 8 | B9: 0.47665728 | C9: 0.49664858 | D9: 0.45750833
A10: 9 | B10: 0.46612147 | C10: 0.49039294 | D10: 0.44320974
A11: 10 | B11: 0.468063 | C11: 0.49429468 | D11: 0.44888499
A12: 11 | B12: 0.468063 | C12: 0.49429468 | D12: 0.43436922
A13: 12 | B13: 0.47014272 | C13: 0.49868519 | D13: 0.43875973
... A15: 14 | B15: 0.45939927 | C15: 0.49961005 | D15: 0.42916775

Sheet GRAF - Evolución gradientes
A1: Lote | B1: Gradiente 1 | C1: Gradiente 2 | D1: Gradiente h
A2: 1 | B2: 0 | C2: 0
A3: 2 | B3: 0.011681824 | C3: 0.027744332 | D3: 0.14796977
A4: 3 | B4: 0.12286075 | C4: 0.044211255 | D4: 0.14147602
A5: 4 | B5: -0.020291694 | C5: -0.039156628 | D5: -0.048192773
A6: 5 | B6: 0.14385913 | C6: 0.0089911956 | D6: 0.14385913
A7: 6 | B7: -0.016254483 | C7: -0.034743957 | D7: -0.061767035
A8: 7 | B8: -0.031805677 | C8: -0.029053262 | D8: -0.04648522
A9: 8 | B9: 0.023377388 | C9: 0.055521296 | D9: 0.14805679
A10: 9 | B10: 0.10535806 | C10: 0.06255635 | D10: 0.14298594
A11: 10 | B11: -0.019415344 | C11: -0.039017375 | D11: -0.056752545
A12: 11 | B12: 0 | C12: 0 | D12: 0.14515768
A13: 12 | B13: -0.020797148 | C13: -0.04390509 | D13: -0.04390509
A14: 13 | B14: 0.13673853 | C14: 0.027062834 | D14: 0.14433512
A15: 14 | B15: -0.029303998 | C15: -0.036311476 | D15: -0.048415301
